{ "sessionContent":
  [
    {
      "order":1,
      "variable":"happy",
      "form":"session_1",
      "section":"",
      "type":"radio",
      "label":"I feel happy",
      "choices":"0 Not at all | 1 | 2 | 3 | 4 | 5 | 6 | 7 Extremely",
      "field":"",
      "validation":"",
      "min":"",
      "max":"",
      "identifier":"",
      "branching_logic":"",
      "required":"",
      "alignment":"",
      "question_number":"",
      "matrix_group":"",
      "matrix_ranking":""
    },{
      "order":2,
      "variable":"relaxed",
      "form":"session_1",
      "section":"",
      "type":"radio",
      "label":"I feel relaxed",
      "choices":"0 Not at all | 1 | 2 | 3 | 4 | 5 | 6 | 7 Extremely",
      "field":"",
      "validation":"",
      "min":"",
      "max":"",
      "identifier":"",
      "branching_logic":"",
      "required":"",
      "alignment":"",
      "question_number":"",
      "matrix_group":"",
      "matrix_ranking":""
    },{
      "order":3,
      "variable":"cheerful",
      "form":"session_1",
      "section":"",
      "type":"radio",
      "label":"I feel cheerful",
      "choices":"0 Not at all | 1 | 2 | 3 | 4 | 5 | 6 | 7 Extremely",
      "field":"",
      "validation":"",
      "min":"",
      "max":"",
      "identifier":"",
      "branching_logic":"",
      "required":"",
      "alignment":"",
      "question_number":"",
      "matrix_group":"",
      "matrix_ranking":""
    },{
      "order":4,
      "variable":"content",
      "form":"session_1",
      "section":"",
      "type":"radio",
      "label":"I feel content",
      "choices":"0 Not at all | 1 | 2 | 3 | 4 | 5 | 6 | 7 Extremely",
      "field":"",
      "validation":"",
      "min":"",
      "max":"",
      "identifier":"",
      "branching_logic":"",
      "required":"",
      "alignment":"",
      "question_number":"",
      "matrix_group":"",
      "matrix_ranking":""
    },{
      "order":5,
      "variable":"sad",
      "form":"session_1",
      "section":"",
      "type":"radio",
      "label":"I feel sad",
      "choices":"0 Not at all | 1 | 2 | 3 | 4 | 5 | 6 | 7 Extremely",
      "field":"",
      "validation":"",
      "min":"",
      "max":"",
      "identifier":"",
      "branching_logic":"",
      "required":"",
      "alignment":"",
      "question_number":"",
      "matrix_group":"",
      "matrix_ranking":""
    },{
      "order":6,
      "variable":"stressed",
      "form":"session_1",
      "section":"",
      "type":"radio",
      "label":"I feel stressed",
      "choices":"0 Not at all | 1 | 2 | 3 | 4 | 5 | 6 | 7 Extremely",
      "field":"",
      "validation":"",
      "min":"",
      "max":"",
      "identifier":"",
      "branching_logic":"",
      "required":"",
      "alignment":"",
      "question_number":"",
      "matrix_group":"",
      "matrix_ranking":""
    },{
      "order":7,
      "variable":"stressed",
      "form":"session_1",
      "section":"",
      "type":"radio",
      "label":"I feel angry",
      "choices":"0 Not at all | 1 | 2 | 3 | 4 | 5 | 6 | 7 Extremely",
      "field":"",
      "validation":"",
      "min":"",
      "max":"",
      "identifier":"",
      "branching_logic":"",
      "required":"",
      "alignment":"",
      "question_number":"",
      "matrix_group":"",
      "matrix_ranking":""
    },{
      "order":8,
      "variable":"worried",
      "form":"session_1",
      "section":"",
      "type":"radio",
      "label":"I feel worried",
      "choices":"0 Not at all | 1 | 2 | 3 | 4 | 5 | 6 | 7 Extremely",
      "field":"",
      "validation":"",
      "min":"",
      "max":"",
      "identifier":"",
      "branching_logic":"",
      "required":"",
      "alignment":"",
      "question_number":"",
      "matrix_group":"",
      "matrix_ranking":""
    },{
      "order":9,
      "variable":"tired",
      "form":"session_1",
      "section":"",
      "type":"radio",
      "label":"I feel tired",
      "choices":"0 Not at all | 1 | 2 | 3 | 4 | 5 | 6 | 7 Extremely",
      "field":"",
      "validation":"",
      "min":"",
      "max":"",
      "identifier":"",
      "branching_logic":"",
      "required":"",
      "alignment":"",
      "question_number":"",
      "matrix_group":"",
      "matrix_ranking":""
    },{
      "order":10,
      "variable":"session1_1b",
      "form":"session_1",
      "section":"",
      "type":"radio",
      "label":"I feel happy",
      "choices":"0 Not at all | 1 | 2 | 3 | 4 | 5 | 6 | 7 Extremely",
      "field":"",
      "validation":"",
      "min":"",
      "max":"",
      "identifier":"",
      "branching_logic":"",
      "required":"",
      "alignment":"",
      "question_number":"",
      "matrix_group":"",
      "matrix_ranking":""
    }
  ]
}